[
  {
    "questID": 101,
    "questName": "마을의 소문",
    "script": "마을 이장님의 부탁을 들어 주민들에게 축제 소식을 전파하자.",
    "requiredLevel": 2,
    "steps": [
      {
        "stepDescription": "2명의 주민들에게 축제 소식을 전하자.",
        "startNpcId": 101,
        "turnInNpcId": 101,
        "missions": [
          {
            "type": "TalkTo",
            "missionScript": "대장장이에게 축제 소식 전하기",
            "targetId": 201,
            "requiredAmount": 1,
            "dialogueKey_Initial": "BLACKSMITH_RUMOR_FIRST",
            "dialogueKey_Repeated": "BLACKSMITH_RUMOR_REPEATED"
          },
          {
            "type": "TalkTo",
            "missionScript": "상점 주인에게 축제 소식 전하기",
            "targetId": 202,
            "requiredAmount": 1,
            "dialogueKey_Initial": "MERCHANT_RUMOR_FIRST",
            "dialogueKey_Repeated": "MERCHANT_RUMOR_REPEATED"
          }
        ],
        "rewards": {
          "exp": 10,
          "itemId": 0,
          "gold": 50
        },
        "dialogueKey_Start": "CHIEF_RUMOR_START",
        "dialogueKey_InProgress": "CHIEF_RUMOR_INPROGRESS",
        "dialogueKey_Complete": "CHIEF_RUMOR_COMPLETE"
      }
    ]
  }
]